id,product_id,url,alt
1,1,https://nfiyjubkhqwpdyunngnp.supabase.co/storage/v1/object/public/produtos/1-3-300x225.png,Imagem do produto 1
2,2,https://nfiyjubkhqwpdyunngnp.supabase.co/storage/v1/object/public/produtos/10-2-300x225.png,Imagem do produto 2
3,3,https://nfiyjubkhqwpdyunngnp.supabase.co/storage/v1/object/public/produtos/11-1-300x225.png,Imagem do produto 3
4,4,https://nfiyjubkhqwpdyunngnp.supabase.co/storage/v1/object/public/produtos/12-1-300x225.png,Imagem do produto 4
5,5,https://nfiyjubkhqwpdyunngnp.supabase.co/storage/v1/object/public/produtos/13-1-300x225.png,Imagem do produto 5
6,6,https://nfiyjubkhqwpdyunngnp.supabase.co/storage/v1/object/public/produtos/14-2-300x225.png,Imagem do produto 6
7,7,https://nfiyjubkhqwpdyunngnp.supabase.co/storage/v1/object/public/produtos/15-1-300x225.png,Imagem do produto 7
8,8,https://nfiyjubkhqwpdyunngnp.supabase.co/storage/v1/object/public/produtos/16-1-300x225.png,Imagem do produto 8
9,9,https://nfiyjubkhqwpdyunngnp.supabase.co/storage/v1/object/public/produtos/17-1-300x225.png,Imagem do produto 9
10,10,https://nfiyjubkhqwpdyunngnp.supabase.co/storage/v1/object/public/produtos/18-2-300x225.png,Imagem do produto 10
11,11,https://nfiyjubkhqwpdyunngnp.supabase.co/storage/v1/object/public/produtos/19-1-300x225.png,Imagem do produto 11
12,12,https://nfiyjubkhqwpdyunngnp.supabase.co/storage/v1/object/public/produtos/2-3-300x225.png,Imagem do produto 12
13,13,https://nfiyjubkhqwpdyunngnp.supabase.co/storage/v1/object/public/produtos/20-1-300x225.png,Imagem do produto 13
14,14,https://nfiyjubkhqwpdyunngnp.supabase.co/storage/v1/object/public/produtos/21-1-300x225.png,Imagem do produto 14
15,15,https://nfiyjubkhqwpdyunngnp.supabase.co/storage/v1/object/public/produtos/22-1-300x225.png,Imagem do produto 15
16,16,https://nfiyjubkhqwpdyunngnp.supabase.co/storage/v1/object/public/produtos/23-1-300x225.png,Imagem do produto 16
17,17,https://nfiyjubkhqwpdyunngnp.supabase.co/storage/v1/object/public/produtos/24-1-300x225.png,Imagem do produto 17
18,18,https://nfiyjubkhqwpdyunngnp.supabase.co/storage/v1/object/public/produtos/25-1-300x225.png,Imagem do produto 18
19,19,https://nfiyjubkhqwpdyunngnp.supabase.co/storage/v1/object/public/produtos/26-1-300x225.png,Imagem do produto 19
20,20,https://nfiyjubkhqwpdyunngnp.supabase.co/storage/v1/object/public/produtos/27-1-300x225.png,Imagem do produto 20
21,21,https://nfiyjubkhqwpdyunngnp.supabase.co/storage/v1/object/public/produtos/28-1-300x225.png,Imagem do produto 21
22,22,https://nfiyjubkhqwpdyunngnp.supabase.co/storage/v1/object/public/produtos/29-1-300x225.png,Imagem do produto 22
23,23,https://nfiyjubkhqwpdyunngnp.supabase.co/storage/v1/object/public/produtos/3-4-300x225.png,Imagem do produto 23
24,24,https://nfiyjubkhqwpdyunngnp.supabase.co/storage/v1/object/public/produtos/30-1-300x225.png,Imagem do produto 24
25,25,https://nfiyjubkhqwpdyunngnp.supabase.co/storage/v1/object/public/produtos/31-1-300x225.png,Imagem do produto 25
26,26,https://nfiyjubkhqwpdyunngnp.supabase.co/storage/v1/object/public/produtos/32-1-300x225.png,Imagem do produto 26
27,27,https://nfiyjubkhqwpdyunngnp.supabase.co/storage/v1/object/public/produtos/33-1-300x225.png,Imagem do produto 27
28,28,https://nfiyjubkhqwpdyunngnp.supabase.co/storage/v1/object/public/produtos/34-1-300x225.png,Imagem do produto 28
29,29,https://nfiyjubkhqwpdyunngnp.supabase.co/storage/v1/object/public/produtos/35-1-300x225.png,Imagem do produto 29
30,30,https://nfiyjubkhqwpdyunngnp.supabase.co/storage/v1/object/public/produtos/36-1-300x225.png,Imagem do produto 30
31,31,https://nfiyjubkhqwpdyunngnp.supabase.co/storage/v1/object/public/produtos/37-1-300x225.png,Imagem do produto 31
32,32,https://nfiyjubkhqwpdyunngnp.supabase.co/storage/v1/object/public/produtos/38-1-300x225.png,Imagem do produto 32
33,33,https://nfiyjubkhqwpdyunngnp.supabase.co/storage/v1/object/public/produtos/39-1-300x225.png,Imagem do produto 33
34,34,https://nfiyjubkhqwpdyunngnp.supabase.co/storage/v1/object/public/produtos/4-1-300x225.png,Imagem do produto 34
35,35,https://nfiyjubkhqwpdyunngnp.supabase.co/storage/v1/object/public/produtos/40-1-300x225.png,Imagem do produto 35
36,36,https://nfiyjubkhqwpdyunngnp.supabase.co/storage/v1/object/public/produtos/41-1-300x225.png,Imagem do produto 36
37,37,https://nfiyjubkhqwpdyunngnp.supabase.co/storage/v1/object/public/produtos/42-1-300x225.png,Imagem do produto 37
38,38,https://nfiyjubkhqwpdyunngnp.supabase.co/storage/v1/object/public/produtos/43-1-300x225.png,Imagem do produto 38
39,39,https://nfiyjubkhqwpdyunngnp.supabase.co/storage/v1/object/public/produtos/44-1-300x225.png,Imagem do produto 39
40,40,https://nfiyjubkhqwpdyunngnp.supabase.co/storage/v1/object/public/produtos/48-1-300x225.png,Imagem do produto 40
41,41,https://nfiyjubkhqwpdyunngnp.supabase.co/storage/v1/object/public/produtos/49-1-300x225.png,Imagem do produto 41
42,42,https://nfiyjubkhqwpdyunngnp.supabase.co/storage/v1/object/public/produtos/5-2-300x225.png,Imagem do produto 42
43,43,https://nfiyjubkhqwpdyunngnp.supabase.co/storage/v1/object/public/produtos/50-1-300x225.png,Imagem do produto 43
44,44,https://nfiyjubkhqwpdyunngnp.supabase.co/storage/v1/object/public/produtos/51-1-300x225.png,Imagem do produto 44
45,45,https://nfiyjubkhqwpdyunngnp.supabase.co/storage/v1/object/public/produtos/52-1-300x225.png,Imagem do produto 45
46,46,https://nfiyjubkhqwpdyunngnp.supabase.co/storage/v1/object/public/produtos/53-1-300x225.png,Imagem do produto 46
47,47,https://nfiyjubkhqwpdyunngnp.supabase.co/storage/v1/object/public/produtos/54-1-300x225.png,Imagem do produto 47
48,48,https://nfiyjubkhqwpdyunngnp.supabase.co/storage/v1/object/public/produtos/55-1-300x225.png,Imagem do produto 48
49,49,https://nfiyjubkhqwpdyunngnp.supabase.co/storage/v1/object/public/produtos/56-1-300x225.png,Imagem do produto 49
50,50,https://nfiyjubkhqwpdyunngnp.supabase.co/storage/v1/object/public/produtos/57-1-300x225.png,Imagem do produto 50
51,51,https://nfiyjubkhqwpdyunngnp.supabase.co/storage/v1/object/public/produtos/58-1-300x225.png,Imagem do produto 51
52,52,https://nfiyjubkhqwpdyunngnp.supabase.co/storage/v1/object/public/produtos/59-1-300x225.png,Imagem do produto 52
53,53,https://nfiyjubkhqwpdyunngnp.supabase.co/storage/v1/object/public/produtos/6-1-300x225.png,Imagem do produto 53
54,54,https://nfiyjubkhqwpdyunngnp.supabase.co/storage/v1/object/public/produtos/60-1-300x225.png,Imagem do produto 54
55,55,https://nfiyjubkhqwpdyunngnp.supabase.co/storage/v1/object/public/produtos/61-1-300x225.png,Imagem do produto 55
56,56,https://nfiyjubkhqwpdyunngnp.supabase.co/storage/v1/object/public/produtos/62-1-300x225.png,Imagem do produto 56
57,57,https://nfiyjubkhqwpdyunngnp.supabase.co/storage/v1/object/public/produtos/63-1-300x225.png,Imagem do produto 57
58,58,https://nfiyjubkhqwpdyunngnp.supabase.co/storage/v1/object/public/produtos/64-1-300x225.png,Imagem do produto 58
59,59,https://nfiyjubkhqwpdyunngnp.supabase.co/storage/v1/object/public/produtos/65-1-300x225.png,Imagem do produto 59
60,60,https://nfiyjubkhqwpdyunngnp.supabase.co/storage/v1/object/public/produtos/66-1-300x225.png,Imagem do produto 60
61,61,https://nfiyjubkhqwpdyunngnp.supabase.co/storage/v1/object/public/produtos/67-1-300x225.png,Imagem do produto 61
62,62,https://nfiyjubkhqwpdyunngnp.supabase.co/storage/v1/object/public/produtos/68-1-300x225.png,Imagem do produto 62
63,63,https://nfiyjubkhqwpdyunngnp.supabase.co/storage/v1/object/public/produtos/69-1-300x225.png,Imagem do produto 63
64,64,https://nfiyjubkhqwpdyunngnp.supabase.co/storage/v1/object/public/produtos/7-1-300x225.png,Imagem do produto 64
65,65,https://nfiyjubkhqwpdyunngnp.supabase.co/storage/v1/object/public/produtos/70-1-300x225.png,Imagem do produto 65
66,66,https://nfiyjubkhqwpdyunngnp.supabase.co/storage/v1/object/public/produtos/71-1-300x225.png,Imagem do produto 66
67,67,https://nfiyjubkhqwpdyunngnp.supabase.co/storage/v1/object/public/produtos/72-1-300x225.png,Imagem do produto 67
68,68,https://nfiyjubkhqwpdyunngnp.supabase.co/storage/v1/object/public/produtos/73-1-300x225.png,Imagem do produto 68
69,69,https://nfiyjubkhqwpdyunngnp.supabase.co/storage/v1/object/public/produtos/74-1-300x225.png,Imagem do produto 69
70,70,https://nfiyjubkhqwpdyunngnp.supabase.co/storage/v1/object/public/produtos/75-1-300x225.png,Imagem do produto 70
71,71,https://nfiyjubkhqwpdyunngnp.supabase.co/storage/v1/object/public/produtos/76-1-300x225.png,Imagem do produto 71
72,72,https://nfiyjubkhqwpdyunngnp.supabase.co/storage/v1/object/public/produtos/77-1-300x225.png,Imagem do produto 72
73,73,https://nfiyjubkhqwpdyunngnp.supabase.co/storage/v1/object/public/produtos/78-2-300x225.png,Imagem do produto 73
74,74,https://nfiyjubkhqwpdyunngnp.supabase.co/storage/v1/object/public/produtos/79-1-300x225.png,Imagem do produto 74
75,75,https://nfiyjubkhqwpdyunngnp.supabase.co/storage/v1/object/public/produtos/80-1-300x225.png,Imagem do produto 75
76,76,https://nfiyjubkhqwpdyunngnp.supabase.co/storage/v1/object/public/produtos/81-1-300x225.png,Imagem do produto 76
77,77,https://nfiyjubkhqwpdyunngnp.supabase.co/storage/v1/object/public/produtos/82-2-300x225.png,Imagem do produto 77
78,78,https://nfiyjubkhqwpdyunngnp.supabase.co/storage/v1/object/public/produtos/83-1-300x225.png,Imagem do produto 78
79,79,https://nfiyjubkhqwpdyunngnp.supabase.co/storage/v1/object/public/produtos/84-1-300x225.png,Imagem do produto 79
80,80,https://nfiyjubkhqwpdyunngnp.supabase.co/storage/v1/object/public/produtos/85-300x225.png,Imagem do produto 80
81,81,https://nfiyjubkhqwpdyunngnp.supabase.co/storage/v1/object/public/produtos/9-1-300x225.png,Imagem do produto 81
82,82,https://nfiyjubkhqwpdyunngnp.supabase.co/storage/v1/object/public/produtos/Tulio-Bicicletas-1-qn3k3yrhzqupzgdk2hoij90qaffduku0yn2pmkcdlc.jpg,Imagem do produto 82
83,83,https://nfiyjubkhqwpdyunngnp.supabase.co/storage/v1/object/public/produtos/tulio-todas-bikes-6-300x225.png,Imagem do produto 83